"","Estimate","Std..Error","t.value","Pr...t..","var","transect"
"1",19.3207116439337,0.400592188595968,48.2303754140856,0,"Temperature","Meadow"
"2",17.3692326049136,0.545060953964066,-3.58029505659427,0.000344457612339044,"Temperature","Woods"
"3",80.5803832339893,1.02522544649263,78.5977206376027,0,"Humidity","Meadow"
"4",84.8224532410069,1.39557756681657,3.03965190318589,0.00237322293474207,"Humidity","Woods"
"5",0.229251518025831,0.0127804196957778,17.9377143695497,3.10875549313708e-71,"VWC","Meadow"
"6",0.0940527368710216,0.017268715610773,-7.82911620077097,5.22744094336697e-15,"VWC","Woods"
"7",348.505624910694,9.68743759485223,35.9750059289037,2.36730915910982e-272,"Par","Meadow"
"8",47.3672986518948,13.2313148290621,-22.7595163556504,7.86471899581753e-113,"Par","Woods"
