"","Estimate","Std..Error","t.value","Pr...t..","var","transect"
"1",19.3207116439337,0.400592188595967,48.2303754140857,0,"Temperature","Meadow"
"2",17.3692326049136,0.545060953964065,-3.58029505659428,0.000344457612339038,"Temperature","Woods"
"3",80.5803832339893,1.02522544649269,78.5977206375982,0,"Humidity","Meadow"
"4",84.8224532410069,1.39557756681658,3.03965190318588,0.0023732229347422,"Humidity","Woods"
"5",0.229251518025831,0.0127804196958057,17.9377143695107,3.10875549527815e-71,"VWC","Meadow"
"6",0.0940527368710216,0.0172687156108244,-7.82911620074765,5.22744094433233e-15,"VWC","Woods"
"7",348.505624910694,9.6874375948517,35.9750059289057,2.3673091589532e-272,"PFD","Meadow"
"8",47.3672986518948,13.2313148290621,-22.7595163556505,7.86471899580294e-113,"PFD","Woods"
