"intercept","soil","soil.squared"
0.480621458124982,-2.88653437600471e-05,4.7266718429561e-10
