"intercept","lux","lux.squared"
22.3940062047317,0.018933838596296,-1.89797863681551e-08
