"intercept","soil","soil.squared"
0.516454090491664,-2.46016715827032e-05,2.54590902016288e-10
